{
    "metadata":{
        "type":"Geometry",
        "generator":"io_three",
        "version":3,
        "vertices":116,
        "normals":128,
        "colors":0,
        "materials":5,
        "uvs":0,
        "faces":128
    },
    "vertices":[-1.09539,0.216654,1.11185,-1.20414,0.551345,1.11185,-1.55606,0.551345,1.11185,-1.66481,0.216654,1.11185,-1.3801,0.00980186,1.11185,-1.21275,0.0788277,1.08557,-1.10933,0.397139,1.08557,-1.3801,0.593864,1.08557,-1.65087,0.397139,1.08557,-1.54744,0.0788277,1.08557,-1.1801,0.0350756,0.794034,-1.03984,0.199796,0.794926,-1.0565,0.415499,0.794034,-1.16981,0.599794,0.794926,-1.3801,0.650611,0.794034,-1.59039,0.599794,0.794926,-1.7037,0.415499,0.794034,-1.72036,0.199796,0.794926,-1.5801,0.0350756,0.794034,-1.3801,-0.0474191,0.794926,-1.1801,0.245369,0.790345,-1.3801,0.100059,0.790345,-1.3801,0.310351,0.788649,-1.2565,0.48048,0.790345,-1.5037,0.48048,0.790345,-1.5801,0.245369,0.790345,-1.2627,0.147574,1.64893,-1.18037,0.244264,1.66737,-1.19014,0.370881,1.64893,-1.25666,0.479062,1.66737,-1.3801,0.508891,1.64893,-1.50354,0.479062,1.66737,-1.57005,0.370881,1.64893,-1.57983,0.244264,1.66737,-1.4975,0.147574,1.64893,-1.3801,0.0991493,1.66737,-0.874873,-0.386229,1.67145,-0.520553,0.0298795,1.75078,-0.562626,0.574777,1.67144,-0.848875,1.04033,1.75078,-1.3801,1.1687,1.67145,-1.91132,1.04033,1.75078,-2.19757,0.574777,1.67144,-2.23965,0.0298795,1.75078,-1.88533,-0.386229,1.67145,-1.3801,-0.594623,1.75079,-1.29408,0.190979,2.50023,-1.23375,0.261828,2.51373,-1.24091,0.354604,2.50022,-1.28965,0.433872,2.51373,-1.3801,0.455729,2.50023,-1.47055,0.433872,2.51373,-1.51929,0.354604,2.50022,-1.52645,0.261828,2.51373,-1.46612,0.190979,2.50023,-1.3801,0.155497,2.51373,-1.29408,0.190761,2.51709,-1.23375,0.26161,2.53059,-1.24091,0.354386,2.51709,-1.28965,0.433654,2.53059,-1.3801,0.455511,2.51709,-1.47055,0.433654,2.53059,-1.51929,0.354386,2.51709,-1.52645,0.26161,2.53059,-1.46612,0.190761,2.51709,-1.3801,0.155279,2.5306,-0.925731,-0.316188,2.54199,-0.607079,0.0580326,2.61334,-0.644916,0.548078,2.54199,-0.902351,0.96677,2.61334,-1.3801,1.08222,2.54199,-1.85785,0.96677,2.61334,-2.11528,0.548078,2.54199,-2.15312,0.0580326,2.61334,-1.83447,-0.316188,2.54199,-1.3801,-0.503605,2.61335,-1.29225,0.188282,3.8883,-1.23064,0.260638,3.90209,-1.23795,0.355388,3.8883,-1.28773,0.436342,3.90209,-1.3801,0.458664,3.8883,-1.47247,0.436342,3.90209,-1.52225,0.355388,3.8883,-1.52956,0.260638,3.90209,-1.46795,0.188282,3.8883,-1.3801,0.152046,3.90209,-1.10593,-0.0681673,3.97516,-0.913647,0.157643,4.01822,-0.936479,0.453344,3.97516,-1.09182,0.705989,4.01822,-1.3801,0.775651,3.97516,-1.66838,0.705989,4.01822,-1.82372,0.453344,3.97516,-1.84655,0.157643,4.01822,-1.65427,-0.0681673,3.97516,-1.3801,-0.181257,4.01822,-1.3357,0.248092,4.8459,-1.30456,0.284659,4.85287,-1.30826,0.332544,4.8459,-1.33342,0.373457,4.85287,-1.3801,0.384738,4.8459,-1.42678,0.373457,4.85287,-1.45194,0.332544,4.8459,-1.45563,0.284659,4.85287,-1.4245,0.248092,4.8459,-1.3801,0.229779,4.85287,-1.52281,0.262923,3.861,-1.51582,0.353389,3.84783,-1.23739,0.262923,3.861,-1.29622,0.193838,3.84783,-1.3801,0.451996,3.84783,-1.2919,0.430684,3.861,-1.3801,0.15924,3.861,-1.46398,0.193838,3.84783,-1.24438,0.353389,3.84783,-1.4683,0.430684,3.861],
    "faces":[35,6,0,11,12,1,0,0,0,0,35,0,5,10,11,1,1,1,1,1,35,9,3,17,18,1,2,2,2,2,35,3,8,16,17,1,3,3,3,3,35,5,4,19,10,1,4,4,4,4,35,8,2,15,16,1,5,5,5,5,35,2,7,14,15,1,6,6,6,6,35,7,1,13,14,1,7,7,7,7,35,1,6,12,13,1,8,8,8,8,35,4,9,18,19,1,9,9,9,9,34,11,10,20,4,10,10,10,34,13,12,23,4,11,11,11,34,15,14,24,4,12,12,12,34,17,16,25,4,13,13,13,34,19,18,21,4,14,14,14,34,21,25,22,4,15,15,15,34,21,18,25,4,16,16,16,34,18,17,25,4,17,17,17,34,25,24,22,4,18,18,18,34,25,16,24,4,19,19,19,34,16,15,24,4,20,20,20,34,24,23,22,4,21,21,21,34,24,14,23,4,22,22,22,34,14,13,23,4,23,23,23,34,23,20,22,4,24,24,24,34,23,12,20,4,25,25,25,34,12,11,20,4,26,26,26,34,20,21,22,4,27,27,27,34,20,10,21,4,28,28,28,34,10,19,21,4,29,29,29,35,7,2,31,30,1,30,30,30,30,35,35,26,36,45,2,31,31,31,31,35,3,9,34,33,1,32,32,32,32,35,0,6,28,27,1,33,33,33,33,35,8,3,33,32,1,34,34,34,34,35,5,0,27,26,1,35,35,35,35,35,1,7,30,29,1,36,36,36,36,35,9,4,35,34,1,37,37,37,37,35,6,1,29,28,1,38,38,38,38,35,2,8,32,31,1,39,39,39,39,35,4,5,26,35,1,40,40,40,40,35,40,41,51,50,0,41,41,41,41,35,30,31,41,40,2,42,42,42,42,35,33,34,44,43,2,43,43,43,43,35,27,28,38,37,2,44,44,44,44,35,32,33,43,42,2,45,45,45,45,35,26,27,37,36,2,46,46,46,46,35,29,30,40,39,2,47,47,47,47,35,34,35,45,44,2,48,48,48,48,35,28,29,39,38,2,49,49,49,49,35,31,32,42,41,2,50,50,50,50,35,53,54,64,63,1,51,51,51,51,35,43,44,54,53,0,52,52,52,52,35,37,38,48,47,0,53,53,53,53,35,42,43,53,52,0,54,54,54,54,35,36,37,47,46,0,55,55,55,55,35,39,40,50,49,0,56,56,56,56,35,44,45,55,54,0,57,57,57,57,35,38,39,49,48,0,58,58,58,58,35,41,42,52,51,0,59,59,59,59,35,45,36,46,55,0,60,60,60,60,35,57,58,68,67,2,61,61,61,61,35,47,48,58,57,1,62,62,62,62,35,52,53,63,62,1,63,63,63,63,35,46,47,57,56,1,64,64,64,64,35,49,50,60,59,1,65,65,65,65,35,54,55,65,64,1,66,66,66,66,35,48,49,59,58,1,67,67,67,67,35,51,52,62,61,1,68,68,68,68,35,55,46,56,65,1,69,69,69,69,35,50,51,61,60,1,70,70,70,70,35,107,106,83,82,1,71,71,71,71,35,62,63,73,72,2,72,72,72,72,35,56,57,67,66,2,73,73,73,73,35,59,60,70,69,2,74,74,74,74,35,64,65,75,74,2,75,75,75,75,35,58,59,69,68,2,76,76,76,76,35,61,62,72,71,2,77,77,77,77,35,65,56,66,75,2,78,78,78,78,35,60,61,71,70,2,79,79,79,79,35,63,64,74,73,2,80,80,80,80,35,76,77,87,86,2,81,81,81,81,35,109,108,77,76,1,82,82,82,82,35,111,110,80,79,1,83,83,83,83,35,113,112,85,84,1,84,84,84,84,35,114,111,79,78,1,85,85,85,85,35,115,107,82,81,1,86,86,86,86,35,112,109,76,85,1,87,87,87,87,35,110,115,81,80,1,88,88,88,88,35,106,113,84,83,1,89,89,89,89,35,108,114,78,77,1,90,90,90,90,35,94,95,105,104,0,91,91,91,91,35,79,80,90,89,2,92,92,92,92,35,84,85,95,94,2,93,93,93,93,35,78,79,89,88,2,94,94,94,94,35,81,82,92,91,2,95,95,95,95,35,85,76,86,95,2,96,96,96,96,35,80,81,91,90,2,97,97,97,97,35,83,84,94,93,2,98,98,98,98,35,77,78,88,87,2,99,99,99,99,35,82,83,93,92,2,100,100,100,100,34,105,96,97,0,101,101,101,34,97,98,99,0,102,102,102,34,99,100,101,0,103,103,103,34,101,102,103,0,104,104,104,34,103,104,105,0,105,105,105,34,105,97,99,0,106,106,106,34,99,101,103,0,107,107,107,34,99,103,105,0,108,108,108,35,88,89,99,98,0,109,109,109,109,35,91,92,102,101,0,110,110,110,110,35,95,86,96,105,0,111,111,111,111,35,90,91,101,100,0,112,112,112,112,35,93,94,104,103,0,113,113,113,113,35,87,88,98,97,0,114,114,114,114,35,92,93,103,102,0,115,115,115,115,35,86,87,97,96,0,116,116,116,116,35,89,90,100,99,0,117,117,117,117,35,67,68,114,108,0,118,118,118,118,35,73,74,113,106,0,119,119,119,119,35,70,71,115,110,0,120,120,120,120,35,75,66,109,112,0,121,121,121,121,35,71,72,107,115,0,122,122,122,122,35,68,69,111,114,0,123,123,123,123,35,74,75,112,113,0,124,124,124,124,35,69,70,110,111,0,125,125,125,125,35,66,67,108,109,0,126,126,126,126,35,72,73,106,107,0,127,127,127,127],
    "uvs":[],
    "colors":[],